{
"Profiles": [
{
  "Ansi 6 Color" : {
    "Green Component" : 0.74509803921568629,
    "Red Component" : 0.54117647058823526,
    "Blue Component" : 0.71764705882352942
  },
  "Tags" : [

  ],
  "Ansi 12 Color" : {
    "Green Component" : 0.63529411759999999,
    "Red Component" : 0.50588235290000005,
    "Blue Component" : 0.74509803919999995
  },
  "Ansi 7 Color" : {
    "Green Component" : 0.99997437000274658,
    "Red Component" : 1,
    "Blue Component" : 0.99999129772186279
  },
  "Draw Powerline Glyphs" : false,
  "Bold Color" : {
    "Green Component" : 0.7843137255,
    "Red Component" : 0.7725490196,
    "Blue Component" : 0.77647058820000003
  },
  "Ansi 8 Color" : {
    "Red Component" : 0.25882352941176473,
    "Color Space" : "sRGB",
    "Blue Component" : 0.27843137254901962,
    "Alpha Component" : 1,
    "Green Component" : 0.26666666666666666
  },
  "Ansi 9 Color" : {
    "Green Component" : 0.40000000000000002,
    "Red Component" : 0.80000000000000004,
    "Blue Component" : 0.40000000000000002
  },
  "Ansi 4 Color" : {
    "Green Component" : 0.63529411764705879,
    "Red Component" : 0.50588235294117645,
    "Blue Component" : 0.74509803921568629
  },
  "Rows" : 25,
  "Default Bookmark" : "No",
  "Ansi 5 Color" : {
    "Green Component" : 0.58039215686274503,
    "Red Component" : 0.69803921568627447,
    "Blue Component" : 0.73333333333333328
  },
  "Cursor Guide Color" : {
    "Red Component" : 0.70213186740875244,
    "Color Space" : "sRGB",
    "Blue Component" : 1,
    "Alpha Component" : 0.25,
    "Green Component" : 0.9268307089805603
  },
  "Non-ASCII Anti Aliased" : true,
  "Use Bright Bold" : true,
  "Ansi 10 Color" : {
    "Green Component" : 0.74117647060000003,
    "Red Component" : 0.70980392160000005,
    "Blue Component" : 0.40784313729999999
  },
  "Ambiguous Double Width" : false,
  "Jobs to Ignore" : [
    "rlogin",
    "ssh",
    "slogin",
    "telnet"
  ],
  "Ansi 15 Color" : {
    "Green Component" : 0.99997437000274658,
    "Red Component" : 1,
    "Blue Component" : 0.99999129772186279
  },
  "Foreground Color" : {
    "Green Component" : 0.78431372549019607,
    "Red Component" : 0.77254901960784317,
    "Blue Component" : 0.77647058823529413
  },
  "Working Directory" : "\/Users\/moonstar",
  "Blinking Cursor" : true,
  "Disable Window Resizing" : true,
  "Sync Title" : false,
  "Prompt Before Closing 2" : false,
  "BM Growl" : true,
  "Command" : "",
  "Description" : "Default",
  "Mouse Reporting" : true,
  "Screen" : -1,
  "Selection Color" : {
    "Green Component" : 0.23137254901960785,
    "Red Component" : 0.21568627450980393,
    "Blue Component" : 0.25490196078431371
  },
  "Columns" : 80,
  "Idle Code" : 0,
  "Ansi 13 Color" : {
    "Green Component" : 0.58039215690000001,
    "Red Component" : 0.69803921570000005,
    "Blue Component" : 0.73333333329999995
  },
  "Custom Command" : "No",
  "ASCII Anti Aliased" : true,
  "Non Ascii Font" : "Monaco 12",
  "Vertical Spacing" : 1,
  "Use Bold Font" : false,
  "Option Key Sends" : 0,
  "Selected Text Color" : {
    "Green Component" : 0.7843137255,
    "Red Component" : 0.7725490196,
    "Blue Component" : 0.77647058820000003
  },
  "Background Color" : {
    "Green Component" : 0.12156862765550613,
    "Red Component" : 0.11372549086809158,
    "Blue Component" : 0.12941177189350128
  },
  "Character Encoding" : 4,
  "Ansi 11 Color" : {
    "Green Component" : 0.77647058820000003,
    "Red Component" : 0.94117647059999998,
    "Blue Component" : 0.4549019608
  },
  "Thin Strokes" : 4,
  "Use Italic Font" : true,
  "Unlimited Scrollback" : true,
  "Keyboard Map" : {
    "0xf700-0x260000" : {
      "Action" : 10,
      "Text" : "[1;6A"
    },
    "0x37-0x40000" : {
      "Action" : 11,
      "Text" : "0x1f"
    },
    "0x32-0x40000" : {
      "Action" : 11,
      "Text" : "0x00"
    },
    "0xf709-0x20000" : {
      "Action" : 10,
      "Text" : "[17;2~"
    },
    "0xf70c-0x20000" : {
      "Action" : 10,
      "Text" : "[20;2~"
    },
    "0xf729-0x20000" : {
      "Action" : 10,
      "Text" : "[1;2H"
    },
    "0xf72b-0x40000" : {
      "Action" : 10,
      "Text" : "[1;5F"
    },
    "0xf705-0x20000" : {
      "Action" : 10,
      "Text" : "[1;2Q"
    },
    "0xf703-0x260000" : {
      "Action" : 10,
      "Text" : "[1;6C"
    },
    "0xf700-0x220000" : {
      "Action" : 10,
      "Text" : "[1;2A"
    },
    "0xf701-0x280000" : {
      "Action" : 11,
      "Text" : "0x1b 0x1b 0x5b 0x42"
    },
    "0x38-0x40000" : {
      "Action" : 11,
      "Text" : "0x7f"
    },
    "0x33-0x40000" : {
      "Action" : 11,
      "Text" : "0x1b"
    },
    "0xf703-0x220000" : {
      "Action" : 10,
      "Text" : "[1;2C"
    },
    "0xf701-0x240000" : {
      "Action" : 10,
      "Text" : "[1;5B"
    },
    "0xf70d-0x20000" : {
      "Action" : 10,
      "Text" : "[21;2~"
    },
    "0xf702-0x260000" : {
      "Action" : 10,
      "Text" : "[1;6D"
    },
    "0xf729-0x40000" : {
      "Action" : 10,
      "Text" : "[1;5H"
    },
    "0xf706-0x20000" : {
      "Action" : 10,
      "Text" : "[1;2R"
    },
    "0x34-0x40000" : {
      "Action" : 11,
      "Text" : "0x1c"
    },
    "0xf700-0x280000" : {
      "Action" : 11,
      "Text" : "0x1b 0x1b 0x5b 0x41"
    },
    "0x2d-0x40000" : {
      "Action" : 11,
      "Text" : "0x1f"
    },
    "0xf70e-0x20000" : {
      "Action" : 10,
      "Text" : "[23;2~"
    },
    "0xf702-0x220000" : {
      "Action" : 10,
      "Text" : "[1;2D"
    },
    "0xf703-0x280000" : {
      "Action" : 11,
      "Text" : "0x1b 0x1b 0x5b 0x43"
    },
    "0xf700-0x240000" : {
      "Action" : 10,
      "Text" : "[1;5A"
    },
    "0xf707-0x20000" : {
      "Action" : 10,
      "Text" : "[1;2S"
    },
    "0xf70a-0x20000" : {
      "Action" : 10,
      "Text" : "[18;2~"
    },
    "0x35-0x40000" : {
      "Action" : 11,
      "Text" : "0x1d"
    },
    "0xf70f-0x20000" : {
      "Action" : 10,
      "Text" : "[24;2~"
    },
    "0xf703-0x240000" : {
      "Action" : 10,
      "Text" : "[1;5C"
    },
    "0xf701-0x260000" : {
      "Action" : 10,
      "Text" : "[1;6B"
    },
    "0xf702-0x280000" : {
      "Action" : 11,
      "Text" : "0x1b 0x1b 0x5b 0x44"
    },
    "0xf72b-0x20000" : {
      "Action" : 10,
      "Text" : "[1;2F"
    },
    "0x36-0x40000" : {
      "Action" : 11,
      "Text" : "0x1e"
    },
    "0xf708-0x20000" : {
      "Action" : 10,
      "Text" : "[15;2~"
    },
    "0xf701-0x220000" : {
      "Action" : 10,
      "Text" : "[1;2B"
    },
    "0xf70b-0x20000" : {
      "Action" : 10,
      "Text" : "[19;2~"
    },
    "0xf702-0x240000" : {
      "Action" : 10,
      "Text" : "[1;5D"
    },
    "0xf704-0x20000" : {
      "Action" : 10,
      "Text" : "[1;2P"
    }
  },
  "Window Type" : 0,
  "Cursor Type" : 0,
  "Background Image Location" : "",
  "Blur" : false,
  "Badge Color" : {
    "Red Component" : 1,
    "Color Space" : "sRGB",
    "Blue Component" : 0,
    "Alpha Component" : 0.5,
    "Green Component" : 0.1491314172744751
  },
  "Scrollback Lines" : 0,
  "Send Code When Idle" : false,
  "Close Sessions On End" : true,
  "Terminal Type" : "xterm-256color",
  "Visual Bell" : true,
  "Flashing Bell" : false,
  "Silence Bell" : false,
  "Ansi 14 Color" : {
    "Green Component" : 0.74509803919999995,
    "Red Component" : 0.54117647059999996,
    "Blue Component" : 0.71764705880000002
  },
  "Name" : "Tomorrow Night",
  "Cursor Text Color" : {
    "Green Component" : 0.12156862765550613,
    "Red Component" : 0.11372549086809158,
    "Blue Component" : 0.12941177189350128
  },
  "Shortcut" : "",
  "Cursor Color" : {
    "Green Component" : 0.7843137255,
    "Red Component" : 0.7725490196,
    "Blue Component" : 0.77647058820000003
  },
  "Ansi 0 Color" : {
    "Red Component" : 0.32549019607843138,
    "Color Space" : "sRGB",
    "Blue Component" : 0.32549019607843138,
    "Alpha Component" : 1,
    "Green Component" : 0.32549019607843138
  },